Date,HomeTeam,AwayTeam,FTHG,FTAG,FTR,HTHG,HTAG,HTR
01/07/2015,B36,The New Saints,1,2,A,,,
07/07/2015,FCI Levadia,Crusaders,1,1,D,,,
07/07/2015,FC Santa Coloma,Lincoln Red Imps,1,2,A,,,
07/07/2015,The New Saints,B36,4,1,H,,,
07/07/2015,Folgore,Pyunik,1,2,A,,,
14/07/2015,Sarajevo,Lech Poznań,0,2,A,,,
14/07/2015,Partizan,Dila,1,0,H,,,
14/07/2015,Trenčín,FCSB,0,2,A,,,
14/07/2015,Maribor,Astana,1,0,H,,,
14/07/2015,Skënderbeu Korçë,Crusaders,4,1,H,,,
14/07/2015,The New Saints,Fehérvár,0,1,A,,,
14/07/2015,Hibernians,Maccabi Tel Aviv,2,1,H,,,
14/07/2015,Ludogorets Razgrad,Milsami,0,1,A,,,
14/07/2015,Midtjylland,Lincoln Red Imps,1,0,H,,,
14/07/2015,APOEL,Vardar Skopje,0,0,D,,,
14/07/2015,FK Ventspils,HJK,1,3,A,,,
14/07/2015,Molde,Pyunik,5,0,H,,,
15/07/2015,Qarabağ,FK Rudar Pljevlja,0,0,D,,,
15/07/2015,Malmö FF,Žalgiris,0,0,D,,,
15/07/2015,BATE,Dundalk FC,2,1,H,,,
15/07/2015,Celtic,Stjarnan,2,0,H,,,
15/07/2015,Dinamo Zagreb,CS Fola Esch,1,1,D,,,
21/07/2015,Lincoln Red Imps,Midtjylland,0,2,A,,,
21/07/2015,Crusaders,Skënderbeu Korçë,3,2,H,,,
21/07/2015,Žalgiris,Malmö FF,0,1,A,,,
21/07/2015,Maccabi Tel Aviv,Hibernians,5,1,H,,,
21/07/2015,Vardar Skopje,APOEL,1,1,D,,,
21/07/2015,Milsami,Ludogorets Razgrad,2,1,H,,,
21/07/2015,Pyunik,Molde,1,0,H,,,
21/07/2015,Dila,Partizan,0,2,A,,,
21/07/2015,HJK,FK Ventspils,1,0,H,,,
22/07/2015,FK Rudar Pljevlja,Qarabağ,0,1,A,,,
22/07/2015,Astana,Maribor,3,1,H,,,
22/07/2015,CS Fola Esch,Dinamo Zagreb,0,3,A,,,
22/07/2015,FCSB,Trenčín,2,3,A,,,
22/07/2015,Fehérvár,The New Saints,1,1,D,,,
22/07/2015,Lech Poznań,Sarajevo,1,0,H,,,
22/07/2015,Dundalk FC,BATE,0,0,D,,,
22/07/2015,Stjarnan,Celtic,1,4,A,,,
28/07/2015,Fehérvár,BATE,1,1,D,,,
28/07/2015,Midtjylland,APOEL,1,2,A,,,
28/07/2015,Young Boys,Monaco,1,3,A,,,
28/07/2015,Dinamo Zagreb,Molde,1,1,D,,,
28/07/2015,Fenerbahçe,Shakhtar Donetsk,0,0,D,,,
28/07/2015,Milsami,Skënderbeu Korçë,0,2,A,,,
28/07/2015,Maccabi Tel Aviv,Viktoria Plzeň,1,2,A,,,
28/07/2015,CSKA Moskva,Sparta Praha,2,2,D,,,
28/07/2015,Panathinaikos,Club Brugge,2,1,H,,,
29/07/2015,Celtic,Qarabağ,1,0,H,,,
29/07/2015,HJK,Astana,0,0,D,,,
29/07/2015,Salzburg,Malmö FF,2,0,H,,,
29/07/2015,FCSB,Partizan,1,1,D,,,
29/07/2015,Lech Poznań,Basel,1,3,A,,,
29/07/2015,Rapid,Ajax,2,2,D,,,
04/08/2015,Monaco,Young Boys,4,0,H,,,
04/08/2015,Ajax,Rapid,2,3,A,,,
04/08/2015,APOEL,Midtjylland,0,1,A,,,
04/08/2015,Molde,Dinamo Zagreb,3,3,D,,,
05/08/2015,Skënderbeu Korçë,Milsami,2,0,H,,,
05/08/2015,Shakhtar Donetsk,Fenerbahçe,3,0,H,,,
05/08/2015,Malmö FF,Salzburg,3,0,H,,,
05/08/2015,Partizan,FCSB,4,2,H,,,
05/08/2015,Club Brugge,Panathinaikos,3,0,H,,,
05/08/2015,Viktoria Plzeň,Maccabi Tel Aviv,0,2,A,,,
05/08/2015,BATE,Fehérvár,1,0,H,,,
05/08/2015,Sparta Praha,CSKA Moskva,2,3,A,,,
05/08/2015,Qarabağ,Celtic,0,0,D,,,
05/08/2015,Astana,HJK,4,3,H,,,
05/08/2015,Basel,Lech Poznań,1,0,H,,,
18/08/2015,Sporting CP,CSKA Moskva,2,1,H,,,
18/08/2015,Lazio,Bayer Leverkusen,1,0,H,,,
18/08/2015,Manchester United,Club Brugge,3,1,H,,,
18/08/2015,Astana,APOEL,1,0,H,,,
18/08/2015,BATE,Partizan,1,0,H,,,
19/08/2015,Skënderbeu Korçë,Dinamo Zagreb,1,2,A,,,
19/08/2015,Celtic,Malmö FF,3,2,H,,,
19/08/2015,Basel,Maccabi Tel Aviv,2,2,D,,,
19/08/2015,Rapid,Shakhtar Donetsk,0,1,A,,,
19/08/2015,Valencia,Monaco,3,1,H,,,
25/08/2015,Monaco,Valencia,2,1,H,,,
25/08/2015,Shakhtar Donetsk,Rapid,2,2,D,,,
25/08/2015,Maccabi Tel Aviv,Basel,1,1,D,,,
25/08/2015,Malmö FF,Celtic,2,0,H,,,
25/08/2015,Dinamo Zagreb,Skënderbeu Korçë,4,1,H,,,
26/08/2015,APOEL,Astana,1,1,D,,,
26/08/2015,Partizan,BATE,2,1,H,,,
26/08/2015,Bayer Leverkusen,Lazio,3,0,H,,,
26/08/2015,Club Brugge,Manchester United,0,4,A,,,
26/08/2015,CSKA Moskva,Sporting CP,3,1,H,,,
15/09/2015,Sevilla,Borussia M'gladbach,3,0,H,,,
15/09/2015,Manchester City,Juventus FC,1,2,A,0,0,D
15/09/2015,Benfica,Astana,2,0,H,0,0,D
15/09/2015,Galatasaray,Atlético Madrid,0,2,A,0,2,A
15/09/2015,Wolfsburg,CSKA Moskva,1,0,H,1,0,H
15/09/2015,Real Madrid,Shakhtar Donetsk,4,0,H,1,0,H
15/09/2015,PSG,Malmö FF,2,0,H,1,0,H
15/09/2015,PSV,Manchester United,2,1,H,1,1,D
16/09/2015,Gent,Olympique Lyon,1,1,D,0,0,D
16/09/2015,Bayer Leverkusen,BATE,4,1,H,1,1,D
16/09/2015,Roma,FC Barcelona,1,1,D,,,
16/09/2015,Dinamo Zagreb,Arsenal FC,2,1,H,1,0,H
16/09/2015,Olympiakos Piraeus,Bayern München,0,3,A,,,
16/09/2015,Dynamo Kyiv,Porto,2,2,D,,,
16/09/2015,Chelsea,Maccabi Tel Aviv,4,0,H,2,0,H
16/09/2015,Valencia,Zenit,2,3,A,0,2,A
29/09/2015,Olympique Lyon,Valencia,0,1,A,0,1,A
29/09/2015,Porto,Chelsea,2,1,H,1,1,D
29/09/2015,Zenit,Gent,2,1,H,1,0,H
29/09/2015,Maccabi Tel Aviv,Dynamo Kyiv,0,2,A,,,
29/09/2015,Arsenal FC,Olympiakos Piraeus,2,3,A,,,
29/09/2015,Bayern München,Dinamo Zagreb,5,0,H,4,0,H
29/09/2015,BATE,Roma,3,2,H,,,
29/09/2015,FC Barcelona,Bayer Leverkusen,2,1,H,0,1,A
30/09/2015,Astana,Galatasaray,2,2,D,0,1,A
30/09/2015,Shakhtar Donetsk,PSG,0,3,A,0,2,A
30/09/2015,Malmö FF,Real Madrid,0,2,A,0,1,A
30/09/2015,Manchester United,Wolfsburg,2,1,H,1,1,D
30/09/2015,CSKA Moskva,PSV,3,2,H,3,0,H
30/09/2015,Atlético Madrid,Benfica,1,2,A,1,1,D
30/09/2015,Borussia M'gladbach,Manchester City,1,2,A,,,
30/09/2015,Juventus FC,Sevilla,2,0,H,1,0,H
20/10/2015,Valencia,Gent,2,1,H,1,1,D
20/10/2015,Zenit,Olympique Lyon,3,1,H,1,0,H
20/10/2015,Dynamo Kyiv,Chelsea,0,0,D,,,
20/10/2015,Porto,Maccabi Tel Aviv,2,0,H,2,0,H
20/10/2015,Arsenal FC,Bayern München,2,0,H,0,0,D
20/10/2015,Bayer Leverkusen,Roma,4,4,D,,,
20/10/2015,BATE,FC Barcelona,0,2,A,0,0,D
20/10/2015,Dinamo Zagreb,Olympiakos Piraeus,0,1,A,,,
21/10/2015,Malmö FF,Shakhtar Donetsk,1,0,H,1,0,H
21/10/2015,PSG,Real Madrid,0,0,D,0,0,D
21/10/2015,CSKA Moskva,Manchester United,1,1,D,1,0,H
21/10/2015,Wolfsburg,PSV,2,0,H,0,0,D
21/10/2015,Atlético Madrid,Astana,4,0,H,2,0,H
21/10/2015,Galatasaray,Benfica,2,1,H,2,1,H
21/10/2015,Juventus FC,Borussia M'gladbach,0,0,D,,,
21/10/2015,Manchester City,Sevilla,2,1,H,1,1,D
03/11/2015,Benfica,Galatasaray,2,1,H,0,0,D
03/11/2015,Sevilla,Manchester City,1,3,A,1,3,A
03/11/2015,Borussia M'gladbach,Juventus FC,1,1,D,,,
03/11/2015,PSV,Wolfsburg,2,0,H,0,0,D
03/11/2015,Astana,Atlético Madrid,0,0,D,0,0,D
03/11/2015,Real Madrid,PSG,1,0,H,1,0,H
03/11/2015,Shakhtar Donetsk,Malmö FF,4,0,H,1,0,H
03/11/2015,Manchester United,CSKA Moskva,1,0,H,0,0,D
04/11/2015,FC Barcelona,BATE,3,0,H,1,0,H
04/11/2015,Roma,Bayer Leverkusen,3,2,H,,,
04/11/2015,Bayern München,Arsenal FC,5,1,H,3,0,H
04/11/2015,Olympiakos Piraeus,Dinamo Zagreb,2,1,H,,,
04/11/2015,Maccabi Tel Aviv,Porto,1,3,A,0,1,A
04/11/2015,Chelsea,Dynamo Kyiv,2,1,H,,,
04/11/2015,Olympique Lyon,Zenit,0,2,A,0,1,A
04/11/2015,Gent,Valencia,1,0,H,0,0,D
24/11/2015,Olympique Lyon,Gent,1,2,A,1,1,D
24/11/2015,Maccabi Tel Aviv,Chelsea,0,4,A,0,1,A
24/11/2015,Porto,Dynamo Kyiv,0,2,A,,,
24/11/2015,Bayern München,Olympiakos Piraeus,4,0,H,,,
24/11/2015,BATE,Bayer Leverkusen,1,1,D,1,0,H
24/11/2015,FC Barcelona,Roma,6,1,H,,,
24/11/2015,Zenit,Valencia,2,0,H,1,0,H
24/11/2015,Arsenal FC,Dinamo Zagreb,3,0,H,2,0,H
25/11/2015,Atlético Madrid,Galatasaray,2,0,H,1,0,H
25/11/2015,Borussia M'gladbach,Sevilla,4,2,H,,,
25/11/2015,Juventus FC,Manchester City,1,0,H,1,0,H
25/11/2015,Manchester United,PSV,0,0,D,0,0,D
25/11/2015,Malmö FF,PSG,0,5,A,0,2,A
25/11/2015,Shakhtar Donetsk,Real Madrid,3,4,A,0,1,A
25/11/2015,CSKA Moskva,Wolfsburg,0,2,A,0,0,D
25/11/2015,Astana,Benfica,2,2,D,2,1,H
08/12/2015,PSG,Shakhtar Donetsk,2,0,H,0,0,D
08/12/2015,Real Madrid,Malmö FF,8,0,H,3,0,H
08/12/2015,Wolfsburg,Manchester United,3,2,H,2,1,H
08/12/2015,PSV,CSKA Moskva,2,1,H,0,0,D
08/12/2015,Benfica,Atlético Madrid,1,2,A,0,1,A
08/12/2015,Galatasaray,Astana,1,1,D,0,0,D
08/12/2015,Manchester City,Borussia M'gladbach,4,2,H,,,
08/12/2015,Sevilla,Juventus FC,1,0,H,0,0,D
09/12/2015,Gent,Zenit,2,1,H,1,0,H
09/12/2015,Valencia,Olympique Lyon,0,2,A,0,1,A
09/12/2015,Chelsea,Porto,2,0,H,1,0,H
09/12/2015,Dynamo Kyiv,Maccabi Tel Aviv,1,0,H,,,
09/12/2015,Roma,BATE,0,0,D,,,
09/12/2015,Dinamo Zagreb,Bayern München,0,2,A,0,0,D
09/12/2015,Bayer Leverkusen,FC Barcelona,1,1,D,1,1,D
09/12/2015,Olympiakos Piraeus,Arsenal FC,0,3,A,,,
16/02/2016,PSG,Chelsea,2,1,H,1,1,D
16/02/2016,Benfica,Zenit,1,0,H,0,0,D
17/02/2016,Gent,Wolfsburg,2,3,A,0,1,A
17/02/2016,Roma,Real Madrid,0,2,A,,,
23/02/2016,Arsenal FC,FC Barcelona,0,2,A,0,0,D
23/02/2016,Juventus FC,Bayern München,2,2,D,0,1,A
24/02/2016,Dynamo Kyiv,Manchester City,1,3,A,,,
24/02/2016,PSV,Atlético Madrid,0,0,D,0,0,D
08/03/2016,Wolfsburg,Gent,1,0,H,0,0,D
08/03/2016,Real Madrid,Roma,2,0,H,,,
09/03/2016,Zenit,Benfica,1,2,A,0,0,D
09/03/2016,Chelsea,PSG,1,2,A,1,1,D
15/03/2016,Atlético Madrid,PSV,0,0,D,0,0,D
15/03/2016,Manchester City,Dynamo Kyiv,0,0,D,,,
16/03/2016,FC Barcelona,Arsenal FC,3,1,H,1,0,H
16/03/2016,Bayern München,Juventus FC,4,2,H,0,2,A
05/04/2016,Bayern München,Benfica,1,0,H,1,0,H
05/04/2016,FC Barcelona,Atlético Madrid,2,1,H,0,1,A
06/04/2016,PSG,Manchester City,2,2,D,1,1,D
06/04/2016,Wolfsburg,Real Madrid,2,0,H,2,0,H
12/04/2016,Real Madrid,Wolfsburg,3,0,H,2,0,H
12/04/2016,Manchester City,PSG,1,0,H,0,0,D
13/04/2016,Benfica,Bayern München,2,2,D,1,1,D
13/04/2016,Atlético Madrid,FC Barcelona,2,0,H,1,0,H
26/04/2016,Manchester City,Real Madrid,0,0,D,0,0,D
27/04/2016,Atlético Madrid,Bayern München,1,0,H,1,0,H
03/05/2016,Bayern München,Atlético Madrid,2,1,H,1,0,H
04/05/2016,Real Madrid,Manchester City,1,0,H,1,0,H
28/05/2016,Real Madrid,Atlético Madrid,1,1,D,1,0,H
28/06/2016,Valletta FC,B36,1,0,H,,,
28/06/2016,The New Saints,Tre Penne,2,1,H,,,
28/06/2016,Flora,Lincoln Red Imps,2,1,H,,,
28/06/2016,FC Santa Coloma,Alashkert,0,0,D,,,
