Date,HomeTeam,AwayTeam,FTHG,FTAG,FTR,HTHG,HTAG,HTR
01/07/2014,FC Santa Coloma,Urartu,1,0,H,,,
01/07/2014,La Fiorita,FCI Levadia,0,1,A,,,
02/07/2014,Lincoln Red Imps,HB,1,1,D,,,
08/07/2014,Urartu,FC Santa Coloma,3,2,H,,,
08/07/2014,FCI Levadia,La Fiorita,7,0,H,,,
08/07/2014,HB,Lincoln Red Imps,5,2,H,,,
15/07/2014,KR,Celtic,0,1,A,,,
15/07/2014,Dinamo Zagreb,Žalgiris,2,0,H,,,
15/07/2014,Partizan,HB,3,0,H,,,
15/07/2014,Cliftonville,Debrecen,0,0,D,,,
15/07/2014,FK Rabotnicki,HJK,0,0,D,,,
15/07/2014,Sparta Praha,FCI Levadia,7,0,H,,,
15/07/2014,Zrinjski,Maribor,0,0,D,,,
15/07/2014,Sheriff,Sutjeska,2,0,H,,,
15/07/2014,BATE,Skënderbeu Korçë,0,0,D,,,
15/07/2014,Slovan Bratislava,The New Saints,1,0,H,,,
15/07/2014,Valletta FC,Qarabağ,0,1,A,,,
15/07/2014,FC Santa Coloma,Maccabi Tel Aviv,0,1,A,,,
16/07/2014,Dinamo Tbilisi,Aktobe,0,1,A,,,
16/07/2014,Malmö FF,FK Ventspils,0,0,D,,,
16/07/2014,Ludogorets Razgrad,F91 Dudelange,4,0,H,,,
16/07/2014,Strømsgodset,FCSB,0,1,A,,,
16/07/2014,Legia Warszawa,St Patrick's Athletic,1,1,D,,,
22/07/2014,HB,Partizan,1,3,A,,,
22/07/2014,Celtic,KR,4,0,H,,,
22/07/2014,Debrecen,Cliftonville,2,0,H,,,
22/07/2014,Žalgiris,Dinamo Zagreb,0,2,A,,,
22/07/2014,Skënderbeu Korçë,BATE,1,1,D,,,
22/07/2014,Sutjeska,Sheriff,0,3,A,,,
22/07/2014,Maccabi Tel Aviv,FC Santa Coloma,2,0,H,,,
22/07/2014,Qarabağ,Valletta FC,4,0,H,,,
22/07/2014,F91 Dudelange,Ludogorets Razgrad,1,1,D,,,
22/07/2014,FCI Levadia,Sparta Praha,1,1,D,,,
22/07/2014,The New Saints,Slovan Bratislava,0,2,A,,,
23/07/2014,St Patrick's Athletic,Legia Warszawa,0,5,A,,,
23/07/2014,FCSB,Strømsgodset,2,0,H,,,
23/07/2014,Maribor,Zrinjski,2,0,H,,,
23/07/2014,FK Ventspils,Malmö FF,0,1,A,,,
23/07/2014,Aktobe,Dinamo Tbilisi,3,0,H,,,
23/07/2014,HJK,FK Rabotnicki,2,1,H,,,
29/07/2014,Sparta Praha,Malmö FF,4,2,H,,,
29/07/2014,Slovan Bratislava,Sheriff,2,1,H,,,
29/07/2014,Debrecen,BATE,1,0,H,,,
30/07/2014,Standard Liège,Panathinaikos,0,0,D,,,
30/07/2014,Maribor,Maccabi Tel Aviv,1,0,H,,,
30/07/2014,AaB,Dinamo Zagreb,0,1,A,,,
30/07/2014,Ludogorets Razgrad,Partizan,0,0,D,,,
30/07/2014,Feyenoord,Beşiktaş,1,2,A,,,
30/07/2014,Legia Warszawa,Celtic,4,1,H,,,
30/07/2014,HJK,APOEL,2,2,D,,,
30/07/2014,Dnipro Dnipropetrovsk,København,0,0,D,,,
30/07/2014,AEL,Zenit,1,0,H,,,
30/07/2014,Qarabağ,Salzburg,2,1,H,,,
30/07/2014,Aktobe,FCSB,2,2,D,,,
30/07/2014,Grasshoppers,Lille,0,2,A,,,
05/08/2014,BATE,Debrecen,3,1,H,,,
05/08/2014,Panathinaikos,Standard Liège,1,2,A,,,
05/08/2014,Maccabi Tel Aviv,Maribor,2,2,D,,,
05/08/2014,Lille,Grasshoppers,1,1,D,,,
06/08/2014,Partizan,Ludogorets Razgrad,2,2,D,,,
06/08/2014,Celtic,Legia Warszawa,3,0,H,,,
06/08/2014,Dinamo Zagreb,AaB,0,2,A,,,
06/08/2014,Salzburg,Qarabağ,2,0,H,,,
06/08/2014,København,Dnipro Dnipropetrovsk,2,0,H,,,
06/08/2014,Malmö FF,Sparta Praha,2,0,H,,,
06/08/2014,Beşiktaş,Feyenoord,3,1,H,,,
06/08/2014,Sheriff,Slovan Bratislava,0,0,D,,,
06/08/2014,APOEL,HJK,2,0,H,,,
06/08/2014,Zenit,AEL,3,0,H,,,
06/08/2014,FCSB,Aktobe,2,1,H,,,
19/08/2014,Salzburg,Malmö FF,2,1,H,,,
19/08/2014,FCSB,Ludogorets Razgrad,1,0,H,,,
19/08/2014,Beşiktaş,Arsenal FC,0,0,D,,,
19/08/2014,København,Bayer Leverkusen,2,3,A,,,
19/08/2014,Napoli,Athletic Club,1,1,D,,,
20/08/2014,Lille,Porto,0,1,A,,,
20/08/2014,Standard Liège,Zenit,0,1,A,,,
20/08/2014,Maribor,Celtic,1,1,D,,,
20/08/2014,AaB,APOEL,1,1,D,,,
20/08/2014,Slovan Bratislava,BATE,1,1,D,,,
26/08/2014,Zenit,Standard Liège,3,0,H,,,
26/08/2014,APOEL,AaB,4,0,H,,,
26/08/2014,BATE,Slovan Bratislava,3,0,H,,,
26/08/2014,Porto,Lille,2,0,H,,,
26/08/2014,Celtic,Maribor,0,1,A,,,
27/08/2014,Malmö FF,Salzburg,3,0,H,,,
27/08/2014,Ludogorets Razgrad,FCSB,1,0,H,,,
27/08/2014,Arsenal FC,Beşiktaş,1,0,H,,,
27/08/2014,Bayer Leverkusen,København,4,0,H,,,
27/08/2014,Athletic Club,Napoli,3,1,H,,,
16/09/2014,Borussia Dortmund,Arsenal FC,2,0,H,1,0,H
16/09/2014,Galatasaray,Anderlecht,1,1,D,0,0,D
16/09/2014,Benfica,Zenit,0,2,A,0,2,A
16/09/2014,Monaco,Bayer Leverkusen,1,0,H,,,
16/09/2014,Real Madrid,Basel,5,1,H,4,1,H
16/09/2014,Juventus FC,Malmö FF,2,0,H,0,0,D
16/09/2014,Olympiakos Piraeus,Atlético Madrid,3,2,H,,,
16/09/2014,Liverpool,Ludogorets Razgrad,2,1,H,,,
17/09/2014,Roma,CSKA Moskva,5,1,H,,,
17/09/2014,Bayern München,Manchester City,1,0,H,0,0,D
17/09/2014,FC Barcelona,APOEL,1,0,H,1,0,H
17/09/2014,Ajax,PSG,1,1,D,0,1,A
17/09/2014,Chelsea,FC Schalke 04,1,1,D,1,0,H
17/09/2014,Maribor,Sporting CP,1,1,D,0,0,D
17/09/2014,Porto,BATE,6,0,H,3,0,H
17/09/2014,Athletic Club,Shakhtar Donetsk,0,0,D,0,0,D
30/09/2014,FC Schalke 04,Maribor,1,1,D,0,1,A
30/09/2014,BATE,Athletic Club,2,1,H,2,1,H
30/09/2014,Shakhtar Donetsk,Porto,2,2,D,0,0,D
30/09/2014,Sporting CP,Chelsea,0,1,A,0,1,A
30/09/2014,PSG,FC Barcelona,3,2,H,2,1,H
30/09/2014,Manchester City,Roma,1,1,D,,,
30/09/2014,CSKA Moskva,Bayern München,0,1,A,0,1,A
30/09/2014,APOEL,Ajax,1,1,D,1,1,D
01/10/2014,Anderlecht,Borussia Dortmund,0,3,A,0,1,A
01/10/2014,Zenit,Monaco,0,0,D,,,
01/10/2014,Malmö FF,Olympiakos Piraeus,2,0,H,,,
01/10/2014,Atlético Madrid,Juventus FC,1,0,H,0,0,D
01/10/2014,Basel,Liverpool,1,0,H,0,0,D
01/10/2014,Ludogorets Razgrad,Real Madrid,1,2,A,,,
01/10/2014,Bayer Leverkusen,Benfica,3,1,H,2,0,H
01/10/2014,Arsenal FC,Galatasaray,4,1,H,3,0,H
21/10/2014,Porto,Athletic Club,2,1,H,1,0,H
21/10/2014,BATE,Shakhtar Donetsk,0,7,A,0,6,A
21/10/2014,Chelsea,Maribor,6,0,H,3,0,H
21/10/2014,FC Schalke 04,Sporting CP,4,3,H,1,1,D
21/10/2014,APOEL,PSG,0,1,A,0,0,D
21/10/2014,Roma,Bayern München,1,7,A,,,
21/10/2014,CSKA Moskva,Manchester City,2,2,D,0,2,A
21/10/2014,FC Barcelona,Ajax,3,1,H,2,0,H
22/10/2014,Monaco,Benfica,0,0,D,,,
22/10/2014,Galatasaray,Borussia Dortmund,0,4,A,0,3,A
22/10/2014,Bayer Leverkusen,Zenit,2,0,H,0,0,D
22/10/2014,Anderlecht,Arsenal FC,1,2,A,0,0,D
22/10/2014,Ludogorets Razgrad,Basel,1,0,H,,,
22/10/2014,Olympiakos Piraeus,Juventus FC,1,0,H,,,
22/10/2014,Atlético Madrid,Malmö FF,5,0,H,0,0,D
22/10/2014,Liverpool,Real Madrid,0,3,A,0,3,A
04/11/2014,Borussia Dortmund,Galatasaray,4,1,H,1,0,H
04/11/2014,Benfica,Monaco,1,0,H,,,
04/11/2014,Arsenal FC,Anderlecht,3,3,D,2,0,H
04/11/2014,Real Madrid,Liverpool,1,0,H,1,0,H
04/11/2014,Zenit,Bayer Leverkusen,1,2,A,0,0,D
04/11/2014,Juventus FC,Olympiakos Piraeus,3,2,H,,,
04/11/2014,Malmö FF,Atlético Madrid,0,2,A,0,1,A
04/11/2014,Basel,Ludogorets Razgrad,4,0,H,,,
05/11/2014,Athletic Club,Porto,0,2,A,0,0,D
05/11/2014,Maribor,Chelsea,1,1,D,0,0,D
05/11/2014,Sporting CP,FC Schalke 04,4,2,H,1,1,D
05/11/2014,Shakhtar Donetsk,BATE,5,0,H,1,0,H
05/11/2014,PSG,APOEL,1,0,H,1,0,H
05/11/2014,Bayern München,Roma,2,0,H,,,
05/11/2014,Manchester City,CSKA Moskva,1,2,A,1,2,A
05/11/2014,Ajax,FC Barcelona,0,2,A,0,1,A
25/11/2014,Shakhtar Donetsk,Athletic Club,0,1,A,0,0,D
25/11/2014,CSKA Moskva,Roma,1,1,D,,,
25/11/2014,BATE,Porto,0,3,A,0,0,D
25/11/2014,Manchester City,Bayern München,3,2,H,1,2,A
25/11/2014,APOEL,FC Barcelona,0,4,A,0,2,A
25/11/2014,PSG,Ajax,3,1,H,1,0,H
25/11/2014,FC Schalke 04,Chelsea,0,5,A,0,3,A
25/11/2014,Sporting CP,Maribor,3,1,H,2,1,H
26/11/2014,Anderlecht,Galatasaray,2,0,H,1,0,H
26/11/2014,Malmö FF,Juventus FC,0,2,A,0,0,D
26/11/2014,Arsenal FC,Borussia Dortmund,2,0,H,1,0,H
26/11/2014,Bayer Leverkusen,Monaco,0,1,A,,,
26/11/2014,Zenit,Benfica,1,0,H,0,0,D
26/11/2014,Ludogorets Razgrad,Liverpool,2,2,D,,,
26/11/2014,Basel,Real Madrid,0,1,A,0,1,A
26/11/2014,Atlético Madrid,Olympiakos Piraeus,4,0,H,,,
09/12/2014,Olympiakos Piraeus,Malmö FF,4,2,H,,,
09/12/2014,Juventus FC,Atlético Madrid,0,0,D,0,0,D
09/12/2014,Liverpool,Basel,1,1,D,0,1,A
09/12/2014,Real Madrid,Ludogorets Razgrad,4,0,H,,,
09/12/2014,Monaco,Zenit,2,0,H,,,
09/12/2014,Benfica,Bayer Leverkusen,0,0,D,0,0,D
09/12/2014,Galatasaray,Arsenal FC,1,4,A,0,3,A
09/12/2014,Borussia Dortmund,Anderlecht,1,1,D,0,0,D
10/12/2014,Bayern München,CSKA Moskva,3,0,H,1,0,H
10/12/2014,Athletic Club,BATE,2,0,H,0,0,D
10/12/2014,Porto,Shakhtar Donetsk,1,1,D,0,0,D
10/12/2014,Maribor,FC Schalke 04,0,1,A,0,0,D
10/12/2014,Roma,Manchester City,0,2,A,,,
10/12/2014,Ajax,APOEL,4,0,H,1,0,H
10/12/2014,FC Barcelona,PSG,3,1,H,2,1,H
10/12/2014,Chelsea,Sporting CP,3,1,H,2,0,H
17/02/2015,PSG,Chelsea,1,1,D,0,1,A
17/02/2015,Shakhtar Donetsk,Bayern München,0,0,D,0,0,D
18/02/2015,Basel,Porto,1,1,D,1,0,H
18/02/2015,FC Schalke 04,Real Madrid,0,2,A,0,1,A
24/02/2015,Juventus FC,Borussia Dortmund,2,1,H,2,1,H
24/02/2015,Manchester City,FC Barcelona,1,2,A,0,2,A
25/02/2015,Bayer Leverkusen,Atlético Madrid,1,0,H,0,0,D
25/02/2015,Arsenal FC,Monaco,1,3,A,,,
10/03/2015,Real Madrid,FC Schalke 04,3,4,A,2,2,D
10/03/2015,Porto,Basel,4,0,H,1,0,H
11/03/2015,Chelsea,PSG,2,2,D,0,0,D
11/03/2015,Bayern München,Shakhtar Donetsk,7,0,H,2,0,H
17/03/2015,Atlético Madrid,Bayer Leverkusen,1,0,H,1,0,H
17/03/2015,Monaco,Arsenal FC,0,2,A,,,
18/03/2015,FC Barcelona,Manchester City,1,0,H,1,0,H
18/03/2015,Borussia Dortmund,Juventus FC,0,3,A,0,1,A
14/04/2015,Juventus FC,Monaco,1,0,H,,,
14/04/2015,Atlético Madrid,Real Madrid,0,0,D,0,0,D
15/04/2015,PSG,FC Barcelona,1,3,A,0,1,A
15/04/2015,Porto,Bayern München,3,1,H,2,1,H
21/04/2015,FC Barcelona,PSG,2,0,H,2,0,H
21/04/2015,Bayern München,Porto,6,1,H,5,0,H
22/04/2015,Real Madrid,Atlético Madrid,1,0,H,0,0,D
22/04/2015,Monaco,Juventus FC,0,0,D,,,
05/05/2015,Juventus FC,Real Madrid,2,1,H,1,1,D
06/05/2015,FC Barcelona,Bayern München,3,0,H,0,0,D
12/05/2015,Bayern München,FC Barcelona,3,2,H,1,2,A
13/05/2015,Real Madrid,Juventus FC,1,1,D,1,0,H
06/06/2015,Juventus FC,FC Barcelona,1,3,A,,,
30/06/2015,Lincoln Red Imps,FC Santa Coloma,0,0,D,,,
30/06/2015,Pyunik,Folgore,2,1,H,,,
30/06/2015,Crusaders,FCI Levadia,0,0,D,,,
